timeStamp,elapsed,label,responseCode,responseMessage,threadName,dataType,success,failureMessage,bytes,sentBytes,grpThreads,allThreads,URL,Latency,IdleTime,Connect
1606190344245,91,HTTP Request POST,200,,Thread Group POST 2-1,,true,,121,288,10,17,http://localhost:8090/api/customer/,87,0,55
1606190344316,21,HTTP Request GET,200,,Thread Group GET 1-7,text,true,,14759,132,7,17,http://localhost:8090/api/customer/,20,0,5
1606190344266,71,HTTP Request GET,200,,Thread Group GET 1-6,text,true,,14164,132,7,17,http://localhost:8090/api/customer/,65,0,34
1606190344243,96,HTTP Request POST,200,,Thread Group POST 2-6,,true,,121,288,10,17,http://localhost:8090/api/customer/,96,0,57
1606190344244,93,HTTP Request GET,200,,Thread Group GET 1-5,text,true,,14759,132,7,17,http://localhost:8090/api/customer/,87,0,57
1606190344242,94,HTTP Request GET,200,,Thread Group GET 1-2,text,true,,14759,132,7,17,http://localhost:8090/api/customer/,94,0,60
1606190344244,93,HTTP Request POST,200,,Thread Group POST 2-5,,true,,121,288,10,17,http://localhost:8090/api/customer/,87,0,56
1606190344243,94,HTTP Request GET,200,,Thread Group GET 1-4,text,true,,14589,132,7,17,http://localhost:8090/api/customer/,91,0,60
1606190344243,93,HTTP Request POST,200,,Thread Group POST 2-3,,true,,121,288,10,17,http://localhost:8090/api/customer/,87,0,56
1606190344242,94,HTTP Request GET,200,,Thread Group GET 1-3,text,true,,14759,132,7,17,http://localhost:8090/api/customer/,88,0,57
1606190344244,93,HTTP Request POST,200,,Thread Group POST 2-7,,true,,121,288,10,17,http://localhost:8090/api/customer/,90,0,56
1606190344243,92,HTTP Request POST,200,,Thread Group POST 2-2,,true,,121,288,10,17,http://localhost:8090/api/customer/,87,0,56
1606190344242,107,HTTP Request GET,200,,Thread Group GET 1-1,text,true,,14759,132,7,18,http://localhost:8090/api/customer/,107,0,57
1606190344294,60,HTTP Request POST,200,,Thread Group POST 2-9,,true,,121,288,11,19,http://localhost:8090/api/customer/,60,0,9
1606190344329,38,HTTP Request POST,200,,Thread Group POST 2-10,,true,,121,288,11,19,http://localhost:8090/api/customer/,38,0,4
1606190344341,26,HTTP Request GET,200,,Thread Group GET 1-7,text,true,,15014,132,8,19,http://localhost:8090/api/customer/,26,0,0
1606190344342,26,HTTP Request GET,200,,Thread Group GET 1-5,text,true,,15014,132,8,19,http://localhost:8090/api/customer/,26,0,0
1606190344343,29,HTTP Request GET,200,,Thread Group GET 1-4,text,true,,15014,132,8,19,http://localhost:8090/api/customer/,29,0,0
1606190344243,130,HTTP Request POST,200,,Thread Group POST 2-4,,true,,121,288,11,19,http://localhost:8090/api/customer/,130,0,60
1606190344269,104,HTTP Request POST,200,,Thread Group POST 2-8,,true,,121,288,11,19,http://localhost:8090/api/customer/,104,0,32
1606190344343,33,HTTP Request GET,200,,Thread Group GET 1-2,text,true,,15014,132,8,19,http://localhost:8090/api/customer/,33,0,0
1606190344370,15,HTTP Request GET,200,,Thread Group GET 1-5,text,true,,15269,132,8,20,http://localhost:8090/api/customer/,15,0,0
1606190344344,45,HTTP Request POST,200,,Thread Group POST 2-5,,true,,121,288,12,21,http://localhost:8090/api/customer/,45,0,0
1606190344373,16,HTTP Request GET,200,,Thread Group GET 1-4,text,true,,15524,132,9,21,http://localhost:8090/api/customer/,16,0,0
1606190344367,24,HTTP Request POST,200,,Thread Group POST 2-10,,true,,121,288,12,21,http://localhost:8090/api/customer/,24,0,0
1606190344343,51,HTTP Request POST,200,,Thread Group POST 2-3,,true,,121,288,12,21,http://localhost:8090/api/customer/,51,0,0
1606190344357,37,HTTP Request POST,200,,Thread Group POST 2-1,,true,,121,288,12,21,http://localhost:8090/api/customer/,37,0,0
1606190344373,22,HTTP Request POST,200,,Thread Group POST 2-4,,true,,121,288,12,21,http://localhost:8090/api/customer/,22,0,0
1606190344345,52,HTTP Request POST,200,,Thread Group POST 2-2,,true,,121,288,12,21,http://localhost:8090/api/customer/,52,0,0
1606190344341,58,HTTP Request POST,200,,Thread Group POST 2-6,,true,,121,288,12,21,http://localhost:8090/api/customer/,58,0,0
1606190344368,32,HTTP Request GET,200,,Thread Group GET 1-7,text,true,,15694,132,9,21,http://localhost:8090/api/customer/,32,0,0
1606190344390,14,HTTP Request GET,200,,Thread Group GET 1-4,text,true,,15694,132,9,21,http://localhost:8090/api/customer/,14,0,0
1606190344377,30,HTTP Request GET,200,,Thread Group GET 1-2,text,true,,15864,132,9,22,http://localhost:8090/api/customer/,30,0,0
1606190344373,37,HTTP Request POST,200,,Thread Group POST 2-8,,true,,121,288,13,22,http://localhost:8090/api/customer/,37,0,0
1606190344355,55,HTTP Request POST,200,,Thread Group POST 2-9,,true,,121,288,13,22,http://localhost:8090/api/customer/,55,0,0
1606190344385,25,HTTP Request GET,200,,Thread Group GET 1-5,text,true,,16119,132,9,22,http://localhost:8090/api/customer/,25,0,0
1606190344397,16,HTTP Request POST,200,,Thread Group POST 2-2,,true,,121,288,13,22,http://localhost:8090/api/customer/,16,0,0
1606190344395,18,HTTP Request POST,200,,Thread Group POST 2-4,,true,,121,288,13,22,http://localhost:8090/api/customer/,18,0,0
1606190344394,20,HTTP Request POST,200,,Thread Group POST 2-1,,true,,121,288,13,22,http://localhost:8090/api/customer/,20,0,0
1606190344394,21,HTTP Request POST,200,,Thread Group POST 2-3,,true,,121,288,13,22,http://localhost:8090/api/customer/,21,0,0
1606190344390,27,HTTP Request POST,200,,Thread Group POST 2-5,,true,,121,288,13,22,http://localhost:8090/api/customer/,27,0,0
1606190344391,34,HTTP Request POST,200,,Thread Group POST 2-10,,true,,121,288,14,24,http://localhost:8090/api/customer/,34,0,0
1606190344400,25,HTTP Request POST,200,,Thread Group POST 2-6,,true,,121,288,14,24,http://localhost:8090/api/customer/,25,0,0
1606190344415,10,HTTP Request POST,200,,Thread Group POST 2-1,,true,,121,288,14,24,http://localhost:8090/api/customer/,10,0,0
1606190344343,82,HTTP Request GET,200,,Thread Group GET 1-6,text,true,,16289,132,10,24,http://localhost:8090/api/customer/,82,0,0
1606190344414,14,HTTP Request POST,200,,Thread Group POST 2-4,,true,,121,288,13,23,http://localhost:8090/api/customer/,14,0,0
1606190344400,29,HTTP Request GET,200,,Thread Group GET 1-7,text,true,,16635,132,10,22,http://localhost:8090/api/customer/,29,0,0
1606190344342,92,HTTP Request GET,200,,Thread Group GET 1-3,text,true,,16635,132,10,22,http://localhost:8090/api/customer/,92,0,0
1606190344411,27,HTTP Request GET,200,,Thread Group GET 1-5,text,true,,16805,132,10,22,http://localhost:8090/api/customer/,26,0,0
1606190344404,34,HTTP Request GET,200,,Thread Group GET 1-4,text,true,,16805,132,10,22,http://localhost:8090/api/customer/,33,0,0
1606190344407,31,HTTP Request GET,200,,Thread Group GET 1-2,text,true,,16805,132,10,22,http://localhost:8090/api/customer/,30,0,0
1606190344411,30,HTTP Request POST,200,,Thread Group POST 2-9,,true,,121,288,12,20,http://localhost:8090/api/customer/,30,0,0
1606190344425,16,HTTP Request GET,200,,Thread Group GET 1-6,text,true,,16805,132,8,20,http://localhost:8090/api/customer/,16,0,0
1606190344351,94,HTTP Request POST,200,,Thread Group POST 2-11,,true,,121,288,12,20,http://localhost:8090/api/customer/,94,0,3
1606190344411,34,HTTP Request POST,200,,Thread Group POST 2-8,,true,,121,288,12,20,http://localhost:8090/api/customer/,34,0,0
1606190344415,33,HTTP Request POST,200,,Thread Group POST 2-3,,true,,121,288,12,20,http://localhost:8090/api/customer/,33,0,0
1606190344342,106,HTTP Request POST,200,,Thread Group POST 2-7,,true,,121,288,12,20,http://localhost:8090/api/customer/,106,0,0
1606190344414,36,HTTP Request POST,200,,Thread Group POST 2-2,,true,,121,288,11,19,http://localhost:8090/api/customer/,36,0,0
1606190344417,37,HTTP Request POST,200,,Thread Group POST 2-5,,true,,121,288,11,19,http://localhost:8090/api/customer/,37,0,0
1606190344439,15,HTTP Request GET,200,,Thread Group GET 1-2,text,true,,17146,132,8,19,http://localhost:8090/api/customer/,15,0,0
1606190344350,107,HTTP Request GET,200,,Thread Group GET 1-1,text,true,,17146,132,7,17,http://localhost:8090/api/customer/,106,0,0
1606190344403,58,HTTP Request GET,200,,Thread Group GET 1-9,text,true,,17486,132,7,17,http://localhost:8090/api/customer/,57,0,2
1606190344407,55,HTTP Request POST,200,,Thread Group POST 2-13,,true,,121,288,10,17,http://localhost:8090/api/customer/,55,0,1
1606190344425,38,HTTP Request POST,200,,Thread Group POST 2-6,,true,,121,288,10,17,http://localhost:8090/api/customer/,38,0,0
1606190344430,34,HTTP Request GET,200,,Thread Group GET 1-7,text,true,,17486,132,7,16,http://localhost:8090/api/customer/,34,0,0
1606190344382,83,HTTP Request POST,200,,Thread Group POST 2-12,,true,,121,288,9,15,http://localhost:8090/api/customer/,83,0,1
1606190344435,31,HTTP Request GET,200,,Thread Group GET 1-3,text,true,,17486,132,6,15,http://localhost:8090/api/customer/,31,0,0
1606190344425,48,HTTP Request POST,200,,Thread Group POST 2-10,,true,,121,288,10,17,http://localhost:8090/api/customer/,48,0,0
1606190344462,13,HTTP Request POST,200,,Thread Group POST 2-13,,true,,121,288,9,16,http://localhost:8090/api/customer/,13,0,0
1606190344441,34,HTTP Request POST,200,,Thread Group POST 2-9,,true,,121,288,9,16,http://localhost:8090/api/customer/,34,0,0
1606190344435,41,HTTP Request GET,200,,Thread Group GET 1-10,text,true,,17486,132,7,15,http://localhost:8090/api/customer/,41,0,7
1606190344445,33,HTTP Request POST,200,,Thread Group POST 2-8,,true,,121,288,8,15,http://localhost:8090/api/customer/,33,0,0
1606190344449,31,HTTP Request POST,200,,Thread Group POST 2-7,,true,,121,288,7,14,http://localhost:8090/api/customer/,31,0,0
1606190344356,127,HTTP Request GET,200,,Thread Group GET 1-8,text,true,,17656,132,7,14,http://localhost:8090/api/customer/,126,0,1
1606190344441,45,HTTP Request GET,200,,Thread Group GET 1-6,text,true,,17486,132,7,14,http://localhost:8090/api/customer/,44,0,0
1606190344457,29,HTTP Request GET,200,,Thread Group GET 1-1,text,true,,17911,132,7,14,http://localhost:8090/api/customer/,29,0,0
1606190344466,24,HTTP Request GET,200,,Thread Group GET 1-3,text,true,,17911,132,7,14,http://localhost:8090/api/customer/,24,0,0
1606190344453,39,HTTP Request POST,200,,Thread Group POST 2-15,,true,,121,288,7,14,http://localhost:8090/api/customer/,39,0,2
1606190344461,32,HTTP Request GET,200,,Thread Group GET 1-9,text,true,,17911,132,7,14,http://localhost:8090/api/customer/,32,0,0
1606190344423,73,HTTP Request POST,200,,Thread Group POST 2-14,,true,,121,288,8,15,http://localhost:8090/api/customer/,73,0,19
1606190344476,28,HTTP Request GET,200,,Thread Group GET 1-10,text,true,,18336,132,7,15,http://localhost:8090/api/customer/,27,0,0
1606190344483,27,HTTP Request GET,200,,Thread Group GET 1-8,text,true,,18336,132,8,16,http://localhost:8090/api/customer/,26,0,0
1606190344486,24,HTTP Request GET,200,,Thread Group GET 1-1,text,true,,18336,132,8,16,http://localhost:8090/api/customer/,24,0,0
1606190344484,26,HTTP Request GET,200,,Thread Group GET 1-11,text,true,,18336,132,8,16,http://localhost:8090/api/customer/,26,0,4
1606190344466,48,HTTP Request POST,200,,Thread Group POST 2-12,,true,,121,288,8,16,http://localhost:8090/api/customer/,48,0,0
1606190344445,69,HTTP Request POST,200,,Thread Group POST 2-11,,true,,121,288,8,16,http://localhost:8090/api/customer/,69,0,0
1606190344470,48,HTTP Request POST,200,,Thread Group POST 2-16,,true,,121,288,8,16,http://localhost:8090/api/customer/,48,0,1
1606190344486,34,HTTP Request GET,200,,Thread Group GET 1-6,text,true,,18421,132,8,16,http://localhost:8090/api/customer/,34,0,0
1606190344490,30,HTTP Request GET,200,,Thread Group GET 1-3,text,true,,18421,132,8,16,http://localhost:8090/api/customer/,30,0,0
1606190344504,22,HTTP Request GET,200,,Thread Group GET 1-10,text,true,,18506,132,6,14,http://localhost:8090/api/customer/,22,0,0
1606190344510,16,HTTP Request GET,200,,Thread Group GET 1-8,text,true,,18591,132,6,14,http://localhost:8090/api/customer/,16,0,0
1606190344510,18,HTTP Request GET,200,,Thread Group GET 1-1,text,true,,18591,132,6,14,http://localhost:8090/api/customer/,18,0,0
1606190344510,19,HTTP Request GET,200,,Thread Group GET 1-11,text,true,,18591,132,6,14,http://localhost:8090/api/customer/,18,0,0
1606190344475,60,HTTP Request POST,200,,Thread Group POST 2-13,,true,,121,288,9,14,http://localhost:8090/api/customer/,60,0,0
1606190344494,44,HTTP Request GET,200,,Thread Group GET 1-9,text,true,,18506,132,5,14,http://localhost:8090/api/customer/,44,0,0
1606190344480,59,HTTP Request POST,200,,Thread Group POST 2-7,,true,,121,288,9,14,http://localhost:8090/api/customer/,59,0,0
1606190344527,13,HTTP Request GET,200,,Thread Group GET 1-8,text,true,,18846,132,5,14,http://localhost:8090/api/customer/,12,0,0
1606190344506,37,HTTP Request POST,200,,Thread Group POST 2-17,,true,,121,288,8,13,http://localhost:8090/api/customer/,37,0,1
1606190344514,29,HTTP Request POST,200,,Thread Group POST 2-12,,true,,121,288,8,13,http://localhost:8090/api/customer/,29,0,0
1606190344518,26,HTTP Request POST,200,,Thread Group POST 2-16,,true,,121,288,8,13,http://localhost:8090/api/customer/,26,0,0
1606190344515,32,HTTP Request POST,200,,Thread Group POST 2-11,,true,,121,288,8,13,http://localhost:8090/api/customer/,32,0,0
1606190344492,56,HTTP Request POST,200,,Thread Group POST 2-15,,true,,121,288,8,13,http://localhost:8090/api/customer/,56,0,0
1606190344529,23,HTTP Request GET,200,,Thread Group GET 1-11,text,true,,18931,132,5,13,http://localhost:8090/api/customer/,23,0,0
1606190344527,26,HTTP Request GET,200,,Thread Group GET 1-10,text,true,,18931,132,5,13,http://localhost:8090/api/customer/,26,0,0
1606190344538,19,HTTP Request GET,200,,Thread Group GET 1-9,text,true,,18931,132,5,13,http://localhost:8090/api/customer/,19,0,0
1606190344497,67,HTTP Request POST,200,,Thread Group POST 2-14,,true,,121,288,9,15,http://localhost:8090/api/customer/,67,0,0
1606190344540,25,HTTP Request GET,200,,Thread Group GET 1-8,text,true,,18931,132,6,15,http://localhost:8090/api/customer/,24,0,0
1606190344535,32,HTTP Request POST,200,,Thread Group POST 2-13,,true,,121,288,9,14,http://localhost:8090/api/customer/,32,0,0
1606190344531,36,HTTP Request GET,200,,Thread Group GET 1-12,text,true,,19016,132,5,14,http://localhost:8090/api/customer/,36,0,2
1606190344543,26,HTTP Request POST,200,,Thread Group POST 2-17,,true,,121,288,8,13,http://localhost:8090/api/customer/,26,0,0
1606190344545,34,HTTP Request POST,200,,Thread Group POST 2-16,,true,,121,288,9,14,http://localhost:8090/api/customer/,34,0,0
1606190344543,39,HTTP Request POST,200,,Thread Group POST 2-12,,true,,121,288,9,14,http://localhost:8090/api/customer/,39,0,0
1606190344548,34,HTTP Request POST,200,,Thread Group POST 2-11,,true,,121,288,9,14,http://localhost:8090/api/customer/,34,0,0
1606190344532,53,HTTP Request POST,200,,Thread Group POST 2-18,,true,,121,288,7,12,http://localhost:8090/api/customer/,53,0,2
1606190344560,25,HTTP Request GET,200,,Thread Group GET 1-13,text,true,,19526,132,5,12,http://localhost:8090/api/customer/,25,0,1
1606190344548,39,HTTP Request POST,200,,Thread Group POST 2-15,,true,,121,288,7,12,http://localhost:8090/api/customer/,39,0,0
1606190344557,31,HTTP Request GET,200,,Thread Group GET 1-9,text,true,,19526,132,5,12,http://localhost:8090/api/customer/,31,0,0
1606190344553,38,HTTP Request GET,200,,Thread Group GET 1-11,text,true,,19526,132,4,11,http://localhost:8090/api/customer/,37,0,0
1606190344554,40,HTTP Request GET,200,,Thread Group GET 1-10,text,true,,19441,132,4,11,http://localhost:8090/api/customer/,40,0,0
1606190344573,23,HTTP Request POST,200,,Thread Group POST 2-20,,true,,121,288,7,10,http://localhost:8090/api/customer/,23,0,1
1606190344586,12,HTTP Request GET,200,,Thread Group GET 1-13,text,true,,19866,132,3,10,http://localhost:8090/api/customer/,12,0,0
1606190344565,34,HTTP Request POST,200,,Thread Group POST 2-14,,true,,121,288,7,10,http://localhost:8090/api/customer/,34,0,0
1606190344588,12,HTTP Request POST,200,,Thread Group POST 2-15,,true,,121,288,7,10,http://localhost:8090/api/customer/,12,0,0
1606190344567,35,HTTP Request GET,200,,Thread Group GET 1-12,text,true,,19951,132,3,9,http://localhost:8090/api/customer/,35,0,0
1606190344586,17,HTTP Request POST,200,,Thread Group POST 2-18,,true,,121,288,6,9,http://localhost:8090/api/customer/,17,0,0
1606190344597,10,HTTP Request POST,200,,Thread Group POST 2-20,,true,,121,288,6,10,http://localhost:8090/api/customer/,10,0,0
1606190344599,9,HTTP Request POST,200,,Thread Group POST 2-14,,true,,121,288,6,10,http://localhost:8090/api/customer/,9,0,0
1606190344580,29,HTTP Request POST,200,,Thread Group POST 2-16,,true,,121,288,5,9,http://localhost:8090/api/customer/,29,0,0
1606190344591,19,HTTP Request GET,200,,Thread Group GET 1-11,text,true,,20121,132,4,9,http://localhost:8090/api/customer/,18,0,0
1606190344599,13,HTTP Request GET,200,,Thread Group GET 1-13,text,true,,20206,132,3,7,http://localhost:8090/api/customer/,13,0,0
1606190344602,10,HTTP Request GET,200,,Thread Group GET 1-12,text,true,,20291,132,3,7,http://localhost:8090/api/customer/,10,0,0
1606190344570,45,HTTP Request POST,200,,Thread Group POST 2-17,,true,,121,288,5,8,http://localhost:8090/api/customer/,45,0,0
1606190344563,55,HTTP Request POST,200,,Thread Group POST 2-19,,true,,121,288,5,8,http://localhost:8090/api/customer/,55,0,7
1606190344615,7,HTTP Request POST,200,,Thread Group POST 2-17,,true,,121,288,5,8,http://localhost:8090/api/customer/,7,0,0
1606190344613,10,HTTP Request GET,200,,Thread Group GET 1-14,text,true,,20376,132,3,7,http://localhost:8090/api/customer/,10,0,1
1606190344612,14,HTTP Request GET,200,,Thread Group GET 1-12,text,true,,20461,132,3,7,http://localhost:8090/api/customer/,14,0,0
1606190344604,23,HTTP Request POST,200,,Thread Group POST 2-18,,true,,121,288,5,8,http://localhost:8090/api/customer/,23,0,0
1606190344612,17,HTTP Request GET,200,,Thread Group GET 1-13,text,true,,20461,132,3,8,http://localhost:8090/api/customer/,17,0,0
1606190344618,17,HTTP Request POST,200,,Thread Group POST 2-19,,true,,121,288,5,9,http://localhost:8090/api/customer/,17,0,0
1606190344627,11,HTTP Request GET,200,,Thread Group GET 1-12,text,true,,20802,132,4,9,http://localhost:8090/api/customer/,11,0,0
1606190344631,10,HTTP Request GET,200,,Thread Group GET 1-15,text,true,,20802,132,3,8,http://localhost:8090/api/customer/,9,0,1
1606190344624,17,HTTP Request GET,200,,Thread Group GET 1-14,text,true,,20802,132,3,8,http://localhost:8090/api/customer/,17,0,0
1606190344607,35,HTTP Request POST,200,,Thread Group POST 2-20,,true,,121,288,5,8,http://localhost:8090/api/customer/,35,0,0
1606190344630,13,HTTP Request GET,200,,Thread Group GET 1-13,text,true,,20887,132,3,8,http://localhost:8090/api/customer/,13,0,0
1606190344627,17,HTTP Request POST,200,,Thread Group POST 2-18,,true,,121,288,5,7,http://localhost:8090/api/customer/,17,0,0
1606190344616,30,HTTP Request POST,200,,Thread Group POST 2-21,,true,,121,288,4,6,http://localhost:8090/api/customer/,30,0,7
1606190344636,12,HTTP Request POST,200,,Thread Group POST 2-19,,true,,121,288,4,6,http://localhost:8090/api/customer/,12,0,0
1606190344641,8,HTTP Request GET,200,,Thread Group GET 1-15,text,true,,20972,132,2,6,http://localhost:8090/api/customer/,8,0,0
1606190344642,10,HTTP Request POST,200,,Thread Group POST 2-20,,true,,121,288,4,6,http://localhost:8090/api/customer/,10,0,0
1606190344647,7,HTTP Request POST,200,,Thread Group POST 2-21,,true,,121,288,3,5,http://localhost:8090/api/customer/,7,0,0
1606190344641,15,HTTP Request GET,200,,Thread Group GET 1-14,text,true,,20972,132,2,6,http://localhost:8090/api/customer/,14,0,0
1606190344629,28,HTTP Request POST,200,,Thread Group POST 2-22,,true,,121,288,4,6,http://localhost:8090/api/customer/,28,0,2
1606190344649,11,HTTP Request GET,200,,Thread Group GET 1-15,text,true,,21227,132,2,6,http://localhost:8090/api/customer/,10,0,0
1606190344648,17,HTTP Request POST,200,,Thread Group POST 2-19,,true,,121,288,4,7,http://localhost:8090/api/customer/,17,0,0
1606190344656,9,HTTP Request GET,200,,Thread Group GET 1-14,text,true,,21227,132,3,7,http://localhost:8090/api/customer/,9,0,0
1606190344660,8,HTTP Request GET,200,,Thread Group GET 1-15,text,true,,21312,132,3,6,http://localhost:8090/api/customer/,8,0,0
1606190344657,16,HTTP Request POST,200,,Thread Group POST 2-23,,true,,121,288,3,6,http://localhost:8090/api/customer/,16,0,3
1606190344658,15,HTTP Request POST,200,,Thread Group POST 2-22,,true,,121,288,3,6,http://localhost:8090/api/customer/,15,0,0
1606190344655,20,HTTP Request POST,200,,Thread Group POST 2-21,,true,,121,288,3,6,http://localhost:8090/api/customer/,20,0,0
1606190344668,10,HTTP Request GET,200,,Thread Group GET 1-15,text,true,,21482,132,3,6,http://localhost:8090/api/customer/,10,0,0
1606190344667,13,HTTP Request GET,200,,Thread Group GET 1-16,text,true,,21482,132,2,5,http://localhost:8090/api/customer/,13,0,2
1606190344666,16,HTTP Request GET,200,,Thread Group GET 1-14,text,true,,21482,132,2,5,http://localhost:8090/api/customer/,15,0,0
1606190344674,10,HTTP Request POST,200,,Thread Group POST 2-22,,true,,121,288,4,5,http://localhost:8090/api/customer/,10,0,0
1606190344676,10,HTTP Request POST,200,,Thread Group POST 2-21,,true,,121,288,4,5,http://localhost:8090/api/customer/,10,0,0
1606190344674,12,HTTP Request POST,200,,Thread Group POST 2-23,,true,,121,288,4,5,http://localhost:8090/api/customer/,12,0,0
1606190344685,7,HTTP Request POST,200,,Thread Group POST 2-22,,true,,121,288,3,4,http://localhost:8090/api/customer/,7,0,0
1606190344686,8,HTTP Request POST,200,,Thread Group POST 2-23,,true,,121,288,3,4,http://localhost:8090/api/customer/,8,0,0
1606190344681,13,HTTP Request GET,200,,Thread Group GET 1-16,text,true,,21737,132,1,4,http://localhost:8090/api/customer/,13,0,0
1606190344684,13,HTTP Request POST,200,,Thread Group POST 2-24,,true,,121,288,3,4,http://localhost:8090/api/customer/,13,0,3
1606190344694,8,HTTP Request GET,200,,Thread Group GET 1-16,text,true,,21992,132,1,4,http://localhost:8090/api/customer/,7,0,0
1606190344694,10,HTTP Request POST,200,,Thread Group POST 2-23,,true,,121,288,3,5,http://localhost:8090/api/customer/,10,0,0
1606190344698,7,HTTP Request POST,200,,Thread Group POST 2-24,,true,,121,288,2,4,http://localhost:8090/api/customer/,7,0,0
1606190344696,9,HTTP Request POST,200,,Thread Group POST 2-25,,true,,121,288,2,4,http://localhost:8090/api/customer/,9,0,1
1606190344705,5,HTTP Request POST,200,,Thread Group POST 2-25,,true,,121,288,2,4,http://localhost:8090/api/customer/,5,0,0
1606190344705,6,HTTP Request POST,200,,Thread Group POST 2-24,,true,,121,288,2,4,http://localhost:8090/api/customer/,6,0,0
1606190344702,11,HTTP Request GET,200,,Thread Group GET 1-16,text,true,,22247,132,2,4,http://localhost:8090/api/customer/,11,0,0
1606190344706,10,HTTP Request GET,200,,Thread Group GET 1-17,text,true,,22417,132,2,4,http://localhost:8090/api/customer/,10,0,2
1606190344711,6,HTTP Request POST,200,,Thread Group POST 2-24,,true,,121,288,2,4,http://localhost:8090/api/customer/,6,0,0
1606190344711,10,HTTP Request POST,200,,Thread Group POST 2-25,,true,,121,288,2,4,http://localhost:8090/api/customer/,10,0,0
1606190344713,11,HTTP Request GET,200,,Thread Group GET 1-16,text,true,,22587,132,2,4,http://localhost:8090/api/customer/,11,0,0
1606190344716,9,HTTP Request GET,200,,Thread Group GET 1-17,text,true,,22587,132,2,4,http://localhost:8090/api/customer/,8,0,0
1606190344721,7,HTTP Request POST,200,,Thread Group POST 2-25,,true,,121,288,2,3,http://localhost:8090/api/customer/,7,0,0
1606190344722,7,HTTP Request POST,200,,Thread Group POST 2-26,,true,,121,288,1,2,http://localhost:8090/api/customer/,7,0,1
1606190344725,6,HTTP Request GET,200,,Thread Group GET 1-17,text,true,,22757,132,1,2,http://localhost:8090/api/customer/,6,0,0
1606190344729,5,HTTP Request POST,200,,Thread Group POST 2-26,,true,,121,288,1,2,http://localhost:8090/api/customer/,5,0,0
1606190344732,7,HTTP Request GET,200,,Thread Group GET 1-17,text,true,,22842,132,1,2,http://localhost:8090/api/customer/,7,0,0
1606190344734,6,HTTP Request POST,200,,Thread Group POST 2-26,,true,,121,288,1,2,http://localhost:8090/api/customer/,6,0,0
1606190344740,5,HTTP Request POST,200,,Thread Group POST 2-26,,true,,121,288,2,4,http://localhost:8090/api/customer/,5,0,0
1606190344740,7,HTTP Request GET,200,,Thread Group GET 1-17,text,true,,22927,132,2,3,http://localhost:8090/api/customer/,7,0,0
1606190344744,6,HTTP Request POST,200,,Thread Group POST 2-27,,true,,121,288,1,2,http://localhost:8090/api/customer/,6,0,1
1606190344744,8,HTTP Request GET,200,,Thread Group GET 1-18,text,true,,23012,132,1,2,http://localhost:8090/api/customer/,7,0,1
1606190344750,6,HTTP Request POST,200,,Thread Group POST 2-27,,true,,121,288,1,2,http://localhost:8090/api/customer/,6,0,0
1606190344752,6,HTTP Request GET,200,,Thread Group GET 1-18,text,true,,23182,132,1,2,http://localhost:8090/api/customer/,6,0,0
1606190344756,4,HTTP Request POST,200,,Thread Group POST 2-27,,true,,121,288,1,2,http://localhost:8090/api/customer/,4,0,0
1606190344758,6,HTTP Request GET,200,,Thread Group GET 1-18,text,true,,23267,132,1,2,http://localhost:8090/api/customer/,6,0,0
1606190344761,4,HTTP Request POST,200,,Thread Group POST 2-27,,true,,121,288,1,2,http://localhost:8090/api/customer/,4,0,0
1606190344764,6,HTTP Request GET,200,,Thread Group GET 1-18,text,true,,23352,132,1,2,http://localhost:8090/api/customer/,5,0,0
1606190344769,9,HTTP Request POST,200,,Thread Group POST 2-28,,true,,121,288,1,2,http://localhost:8090/api/customer/,9,0,1
1606190344770,10,HTTP Request GET,200,,Thread Group GET 1-18,text,true,,23352,132,1,2,http://localhost:8090/api/customer/,10,0,0
1606190344779,4,HTTP Request POST,200,,Thread Group POST 2-28,,true,,121,288,1,1,http://localhost:8090/api/customer/,4,0,0
1606190344784,5,HTTP Request POST,200,,Thread Group POST 2-28,,true,,121,288,1,2,http://localhost:8090/api/customer/,4,0,0
1606190344785,6,HTTP Request GET,200,,Thread Group GET 1-19,text,true,,23607,132,1,2,http://localhost:8090/api/customer/,6,0,1
1606190344789,4,HTTP Request POST,200,,Thread Group POST 2-28,,true,,121,288,2,3,http://localhost:8090/api/customer/,4,0,0
1606190344792,6,HTTP Request GET,200,,Thread Group GET 1-19,text,true,,23692,132,1,2,http://localhost:8090/api/customer/,6,0,0
1606190344793,6,HTTP Request POST,200,,Thread Group POST 2-29,,true,,121,288,1,2,http://localhost:8090/api/customer/,6,0,1
1606190344799,4,HTTP Request POST,200,,Thread Group POST 2-29,,true,,121,288,1,2,http://localhost:8090/api/customer/,4,0,0
1606190344798,6,HTTP Request GET,200,,Thread Group GET 1-19,text,true,,23777,132,1,2,http://localhost:8090/api/customer/,6,0,0
1606190344804,4,HTTP Request POST,200,,Thread Group POST 2-29,,true,,121,288,1,2,http://localhost:8090/api/customer/,4,0,0
1606190344805,5,HTTP Request GET,200,,Thread Group GET 1-19,text,true,,23862,132,1,2,http://localhost:8090/api/customer/,5,0,0
1606190344808,5,HTTP Request POST,200,,Thread Group POST 2-29,,true,,121,288,1,2,http://localhost:8090/api/customer/,5,0,0
1606190344810,8,HTTP Request GET,200,,Thread Group GET 1-19,text,true,,24032,132,1,2,http://localhost:8090/api/customer/,8,0,0
1606190344819,5,HTTP Request POST,200,,Thread Group POST 2-30,,true,,121,288,1,2,http://localhost:8090/api/customer/,5,0,1
1606190344825,5,HTTP Request POST,200,,Thread Group POST 2-30,,true,,121,288,1,2,http://localhost:8090/api/customer/,5,0,0
1606190344824,8,HTTP Request GET,200,,Thread Group GET 1-20,text,true,,24117,132,1,2,http://localhost:8090/api/customer/,7,0,1
1606190344830,5,HTTP Request POST,200,,Thread Group POST 2-30,,true,,121,288,1,2,http://localhost:8090/api/customer/,5,0,0
1606190344832,7,HTTP Request GET,200,,Thread Group GET 1-20,text,true,,24202,132,1,2,http://localhost:8090/api/customer/,6,0,0
1606190344836,7,HTTP Request POST,200,,Thread Group POST 2-30,,true,,121,288,2,3,http://localhost:8090/api/customer/,7,0,0
1606190344839,8,HTTP Request GET,200,,Thread Group GET 1-20,text,true,,24372,132,1,2,http://localhost:8090/api/customer/,8,0,0
1606190344842,7,HTTP Request POST,200,,Thread Group POST 2-31,,true,,121,288,1,2,http://localhost:8090/api/customer/,7,0,2
1606190344847,8,HTTP Request GET,200,,Thread Group GET 1-20,text,true,,24457,132,1,2,http://localhost:8090/api/customer/,7,0,0
1606190344850,5,HTTP Request POST,200,,Thread Group POST 2-31,,true,,121,288,1,2,http://localhost:8090/api/customer/,5,0,0
1606190344855,4,HTTP Request POST,200,,Thread Group POST 2-31,,true,,121,288,1,2,http://localhost:8090/api/customer/,4,0,0
1606190344855,8,HTTP Request GET,200,,Thread Group GET 1-20,text,true,,24542,132,1,2,http://localhost:8090/api/customer/,7,0,0
1606190344859,5,HTTP Request POST,200,,Thread Group POST 2-31,,true,,121,288,1,2,http://localhost:8090/api/customer/,5,0,0
1606190344864,8,HTTP Request GET,200,,Thread Group GET 1-21,text,true,,24712,132,1,2,http://localhost:8090/api/customer/,8,0,1
1606190344868,6,HTTP Request POST,200,,Thread Group POST 2-32,,true,,121,288,1,2,http://localhost:8090/api/customer/,6,0,1
1606190344873,7,HTTP Request GET,200,,Thread Group GET 1-21,text,true,,24803,132,1,2,http://localhost:8090/api/customer/,7,0,0
1606190344875,7,HTTP Request POST,200,,Thread Group POST 2-32,,true,,121,288,1,2,http://localhost:8090/api/customer/,7,0,0
1606190344883,5,HTTP Request POST,200,,Thread Group POST 2-32,,true,,121,288,1,2,http://localhost:8090/api/customer/,5,0,0
1606190344881,9,HTTP Request GET,200,,Thread Group GET 1-21,text,true,,24888,132,1,2,http://localhost:8090/api/customer/,8,0,0
1606190344889,6,HTTP Request POST,200,,Thread Group POST 2-32,,true,,121,288,2,3,http://localhost:8090/api/customer/,6,0,0
1606190344894,6,HTTP Request POST,200,,Thread Group POST 2-33,,true,,121,288,1,2,http://localhost:8090/api/customer/,6,0,1
1606190344890,10,HTTP Request GET,200,,Thread Group GET 1-21,text,true,,25059,132,1,2,http://localhost:8090/api/customer/,10,0,0
1606190344900,5,HTTP Request POST,200,,Thread Group POST 2-33,,true,,121,288,1,3,http://localhost:8090/api/customer/,5,0,0
1606190344900,10,HTTP Request GET,200,,Thread Group GET 1-21,text,true,,25144,132,2,3,http://localhost:8090/api/customer/,9,0,0
1606190344906,6,HTTP Request POST,200,,Thread Group POST 2-33,,true,,121,288,1,2,http://localhost:8090/api/customer/,6,0,0
1606190344904,10,HTTP Request GET,200,,Thread Group GET 1-22,text,true,,25229,132,1,2,http://localhost:8090/api/customer/,9,0,2
1606190344913,6,HTTP Request POST,200,,Thread Group POST 2-33,,true,,121,288,2,3,http://localhost:8090/api/customer/,6,0,0
1606190344914,8,HTTP Request GET,200,,Thread Group GET 1-22,text,true,,25314,132,1,2,http://localhost:8090/api/customer/,8,0,0
1606190344918,6,HTTP Request POST,200,,Thread Group POST 2-34,,true,,121,288,1,2,http://localhost:8090/api/customer/,6,0,1
1606190344925,4,HTTP Request POST,200,,Thread Group POST 2-34,,true,,121,288,1,2,http://localhost:8090/api/customer/,4,0,0
1606190344922,9,HTTP Request GET,200,,Thread Group GET 1-22,text,true,,25484,132,1,2,http://localhost:8090/api/customer/,8,0,0
1606190344929,5,HTTP Request POST,200,,Thread Group POST 2-34,,true,,121,288,1,2,http://localhost:8090/api/customer/,5,0,0
1606190344931,8,HTTP Request GET,200,,Thread Group GET 1-22,text,true,,25654,132,1,2,http://localhost:8090/api/customer/,7,0,0
1606190344935,5,HTTP Request POST,200,,Thread Group POST 2-34,,true,,121,288,1,2,http://localhost:8090/api/customer/,5,0,0
1606190344939,8,HTTP Request GET,200,,Thread Group GET 1-22,text,true,,25739,132,2,3,http://localhost:8090/api/customer/,8,0,0
1606190344943,7,HTTP Request POST,200,,Thread Group POST 2-35,,true,,121,288,1,2,http://localhost:8090/api/customer/,7,0,1
1606190344943,10,HTTP Request GET,200,,Thread Group GET 1-23,text,true,,25739,132,1,2,http://localhost:8090/api/customer/,10,0,1
1606190344950,5,HTTP Request POST,200,,Thread Group POST 2-35,,true,,121,288,1,2,http://localhost:8090/api/customer/,5,0,0
1606190344956,4,HTTP Request POST,200,,Thread Group POST 2-35,,true,,121,288,1,2,http://localhost:8090/api/customer/,4,0,0
1606190344954,6,HTTP Request GET,200,,Thread Group GET 1-23,text,true,,25909,132,1,2,http://localhost:8090/api/customer/,6,0,0
1606190344961,4,HTTP Request POST,200,,Thread Group POST 2-35,,true,,121,288,1,2,http://localhost:8090/api/customer/,4,0,0
1606190344961,6,HTTP Request GET,200,,Thread Group GET 1-23,text,true,,25994,132,1,2,http://localhost:8090/api/customer/,6,0,0
1606190344967,6,HTTP Request POST,200,,Thread Group POST 2-36,,true,,121,288,1,2,http://localhost:8090/api/customer/,6,0,1
1606190344967,7,HTTP Request GET,200,,Thread Group GET 1-23,text,true,,26079,132,1,2,http://localhost:8090/api/customer/,7,0,0
1606190344973,5,HTTP Request POST,200,,Thread Group POST 2-36,,true,,121,288,1,2,http://localhost:8090/api/customer/,5,0,0
1606190344975,7,HTTP Request GET,200,,Thread Group GET 1-23,text,true,,26164,132,1,2,http://localhost:8090/api/customer/,6,0,0
1606190344979,5,HTTP Request POST,200,,Thread Group POST 2-36,,true,,121,288,1,2,http://localhost:8090/api/customer/,5,0,0
1606190344985,6,HTTP Request POST,200,,Thread Group POST 2-36,,true,,121,288,1,2,http://localhost:8090/api/customer/,6,0,0
1606190344985,10,HTTP Request GET,200,,Thread Group GET 1-24,text,true,,26334,132,1,2,http://localhost:8090/api/customer/,9,0,1
1606190344994,5,HTTP Request POST,200,,Thread Group POST 2-37,,true,,121,288,1,2,http://localhost:8090/api/customer/,5,0,1
1606190344995,8,HTTP Request GET,200,,Thread Group GET 1-24,text,true,,26419,132,1,2,http://localhost:8090/api/customer/,7,0,0
1606190344999,5,HTTP Request POST,200,,Thread Group POST 2-37,,true,,121,288,1,2,http://localhost:8090/api/customer/,5,0,0
1606190345004,5,HTTP Request POST,200,,Thread Group POST 2-37,,true,,121,288,1,2,http://localhost:8090/api/customer/,5,0,0
1606190345003,7,HTTP Request GET,200,,Thread Group GET 1-24,text,true,,26589,132,1,2,http://localhost:8090/api/customer/,7,0,0
1606190345009,5,HTTP Request POST,200,,Thread Group POST 2-37,,true,,121,288,1,2,http://localhost:8090/api/customer/,5,0,0
1606190345010,7,HTTP Request GET,200,,Thread Group GET 1-24,text,true,,26674,132,1,2,http://localhost:8090/api/customer/,7,0,0
1606190345018,6,HTTP Request POST,200,,Thread Group POST 2-38,,true,,121,288,1,3,http://localhost:8090/api/customer/,6,0,2
1606190345017,9,HTTP Request GET,200,,Thread Group GET 1-24,text,true,,26759,132,2,3,http://localhost:8090/api/customer/,8,0,0
1606190345025,6,HTTP Request POST,200,,Thread Group POST 2-38,,true,,121,288,1,2,http://localhost:8090/api/customer/,6,0,0
1606190345032,4,HTTP Request POST,200,,Thread Group POST 2-38,,true,,121,288,1,2,http://localhost:8090/api/customer/,4,0,0
1606190345028,10,HTTP Request GET,200,,Thread Group GET 1-25,text,true,,26929,132,1,2,http://localhost:8090/api/customer/,9,0,1
1606190345042,11,HTTP Request POST,200,,Thread Group POST 2-39,,true,,121,288,2,3,http://localhost:8090/api/customer/,11,0,1
1606190345037,22,HTTP Request POST,200,,Thread Group POST 2-38,,true,,121,288,2,3,http://localhost:8090/api/customer/,22,0,0
1606190345038,26,HTTP Request GET,200,,Thread Group GET 1-25,text,true,,27184,132,1,2,http://localhost:8090/api/customer/,25,0,0
1606190345053,14,HTTP Request POST,200,,Thread Group POST 2-39,,true,,121,288,1,3,http://localhost:8090/api/customer/,14,0,0
1606190345067,10,HTTP Request POST,200,,Thread Group POST 2-39,,true,,121,288,2,4,http://localhost:8090/api/customer/,10,0,0
1606190345064,16,HTTP Request GET,200,,Thread Group GET 1-25,text,true,,27269,132,2,4,http://localhost:8090/api/customer/,16,0,0
1606190345067,15,HTTP Request GET,200,,Thread Group GET 1-26,text,true,,27269,132,2,4,http://localhost:8090/api/customer/,15,0,2
1606190345071,16,HTTP Request POST,200,,Thread Group POST 2-40,,true,,121,288,2,4,http://localhost:8090/api/customer/,16,0,3
1606190345078,12,HTTP Request POST,200,,Thread Group POST 2-39,,true,,121,288,2,4,http://localhost:8090/api/customer/,12,0,0
1606190345081,13,HTTP Request GET,200,,Thread Group GET 1-25,text,true,,27524,132,2,3,http://localhost:8090/api/customer/,13,0,0
1606190345082,12,HTTP Request GET,200,,Thread Group GET 1-26,text,true,,27524,132,2,3,http://localhost:8090/api/customer/,12,0,0
1606190345087,10,HTTP Request POST,200,,Thread Group POST 2-40,,true,,121,288,1,3,http://localhost:8090/api/customer/,10,0,0
1606190345097,5,HTTP Request POST,200,,Thread Group POST 2-40,,true,,121,288,1,3,http://localhost:8090/api/customer/,5,0,0
1606190345095,8,HTTP Request GET,200,,Thread Group GET 1-26,text,true,,27609,132,2,3,http://localhost:8090/api/customer/,8,0,0
1606190345095,8,HTTP Request GET,200,,Thread Group GET 1-25,text,true,,27609,132,2,3,http://localhost:8090/api/customer/,8,0,0
1606190345103,4,HTTP Request POST,200,,Thread Group POST 2-40,,true,,121,288,1,3,http://localhost:8090/api/customer/,4,0,0
1606190345103,7,HTTP Request GET,200,,Thread Group GET 1-26,text,true,,27694,132,2,2,http://localhost:8090/api/customer/,7,0,0
1606190345105,8,HTTP Request GET,200,,Thread Group GET 1-27,text,true,,27779,132,2,2,http://localhost:8090/api/customer/,8,0,1
1606190345111,6,HTTP Request GET,200,,Thread Group GET 1-26,text,true,,27779,132,2,2,http://localhost:8090/api/customer/,5,0,0
1606190345113,7,HTTP Request GET,200,,Thread Group GET 1-27,text,true,,27779,132,1,1,http://localhost:8090/api/customer/,6,0,0
1606190345120,5,HTTP Request GET,200,,Thread Group GET 1-27,text,true,,27779,132,1,1,http://localhost:8090/api/customer/,5,0,0
1606190345125,5,HTTP Request GET,200,,Thread Group GET 1-27,text,true,,27779,132,1,1,http://localhost:8090/api/customer/,5,0,0
1606190345131,5,HTTP Request GET,200,,Thread Group GET 1-27,text,true,,27779,132,1,1,http://localhost:8090/api/customer/,5,0,0
1606190345143,6,HTTP Request GET,200,,Thread Group GET 1-28,text,true,,27779,132,1,1,http://localhost:8090/api/customer/,6,0,1
1606190345149,5,HTTP Request GET,200,,Thread Group GET 1-28,text,true,,27779,132,1,1,http://localhost:8090/api/customer/,5,0,0
1606190345155,4,HTTP Request GET,200,,Thread Group GET 1-28,text,true,,27779,132,1,1,http://localhost:8090/api/customer/,4,0,0
1606190345160,5,HTTP Request GET,200,,Thread Group GET 1-28,text,true,,27779,132,1,1,http://localhost:8090/api/customer/,4,0,0
1606190345165,6,HTTP Request GET,200,,Thread Group GET 1-28,text,true,,27779,132,1,1,http://localhost:8090/api/customer/,5,0,0
1606190345182,6,HTTP Request GET,200,,Thread Group GET 1-29,text,true,,27779,132,1,1,http://localhost:8090/api/customer/,6,0,1
1606190345188,5,HTTP Request GET,200,,Thread Group GET 1-29,text,true,,27779,132,1,1,http://localhost:8090/api/customer/,5,0,0
1606190345194,5,HTTP Request GET,200,,Thread Group GET 1-29,text,true,,27779,132,1,1,http://localhost:8090/api/customer/,4,0,0
1606190345199,6,HTTP Request GET,200,,Thread Group GET 1-29,text,true,,27779,132,1,1,http://localhost:8090/api/customer/,6,0,0
1606190345205,5,HTTP Request GET,200,,Thread Group GET 1-29,text,true,,27779,132,1,1,http://localhost:8090/api/customer/,5,0,0
1606190345223,6,HTTP Request GET,200,,Thread Group GET 1-30,text,true,,27779,132,1,1,http://localhost:8090/api/customer/,6,0,1
1606190345229,6,HTTP Request GET,200,,Thread Group GET 1-30,text,true,,27779,132,1,1,http://localhost:8090/api/customer/,6,0,0
1606190345235,5,HTTP Request GET,200,,Thread Group GET 1-30,text,true,,27779,132,1,1,http://localhost:8090/api/customer/,5,0,0
1606190345241,5,HTTP Request GET,200,,Thread Group GET 1-30,text,true,,27779,132,1,1,http://localhost:8090/api/customer/,4,0,0
1606190345246,5,HTTP Request GET,200,,Thread Group GET 1-30,text,true,,27779,132,1,1,http://localhost:8090/api/customer/,5,0,0
1606190345264,6,HTTP Request GET,200,,Thread Group GET 1-31,text,true,,27779,132,1,1,http://localhost:8090/api/customer/,6,0,0
1606190345270,5,HTTP Request GET,200,,Thread Group GET 1-31,text,true,,27779,132,1,1,http://localhost:8090/api/customer/,5,0,0
1606190345276,5,HTTP Request GET,200,,Thread Group GET 1-31,text,true,,27779,132,1,1,http://localhost:8090/api/customer/,5,0,0
1606190345281,6,HTTP Request GET,200,,Thread Group GET 1-31,text,true,,27779,132,1,1,http://localhost:8090/api/customer/,6,0,0
1606190345287,10,HTTP Request GET,200,,Thread Group GET 1-31,text,true,,27779,132,1,1,http://localhost:8090/api/customer/,9,0,0
1606190345303,6,HTTP Request GET,200,,Thread Group GET 1-32,text,true,,27779,132,1,1,http://localhost:8090/api/customer/,6,0,1
1606190345310,5,HTTP Request GET,200,,Thread Group GET 1-32,text,true,,27779,132,1,1,http://localhost:8090/api/customer/,5,0,0
1606190345315,5,HTTP Request GET,200,,Thread Group GET 1-32,text,true,,27779,132,1,1,http://localhost:8090/api/customer/,5,0,0
1606190345321,5,HTTP Request GET,200,,Thread Group GET 1-32,text,true,,27779,132,1,1,http://localhost:8090/api/customer/,5,0,0
1606190345326,6,HTTP Request GET,200,,Thread Group GET 1-32,text,true,,27779,132,1,1,http://localhost:8090/api/customer/,5,0,0
1606190345343,6,HTTP Request GET,200,,Thread Group GET 1-33,text,true,,27779,132,1,1,http://localhost:8090/api/customer/,6,0,1
1606190345350,5,HTTP Request GET,200,,Thread Group GET 1-33,text,true,,27779,132,1,1,http://localhost:8090/api/customer/,5,0,0
1606190345355,6,HTTP Request GET,200,,Thread Group GET 1-33,text,true,,27779,132,1,1,http://localhost:8090/api/customer/,6,0,0
1606190345362,7,HTTP Request GET,200,,Thread Group GET 1-33,text,true,,27779,132,1,1,http://localhost:8090/api/customer/,7,0,0
1606190345369,8,HTTP Request GET,200,,Thread Group GET 1-33,text,true,,27779,132,1,1,http://localhost:8090/api/customer/,7,0,0
1606190345384,7,HTTP Request GET,200,,Thread Group GET 1-34,text,true,,27779,132,1,1,http://localhost:8090/api/customer/,6,0,1
1606190345391,6,HTTP Request GET,200,,Thread Group GET 1-34,text,true,,27779,132,1,1,http://localhost:8090/api/customer/,5,0,0
1606190345397,6,HTTP Request GET,200,,Thread Group GET 1-34,text,true,,27779,132,1,1,http://localhost:8090/api/customer/,5,0,0
1606190345403,5,HTTP Request GET,200,,Thread Group GET 1-34,text,true,,27779,132,1,1,http://localhost:8090/api/customer/,5,0,0
1606190345409,5,HTTP Request GET,200,,Thread Group GET 1-34,text,true,,27779,132,1,1,http://localhost:8090/api/customer/,5,0,0
1606190345424,6,HTTP Request GET,200,,Thread Group GET 1-35,text,true,,27779,132,1,1,http://localhost:8090/api/customer/,5,0,0
1606190345430,5,HTTP Request GET,200,,Thread Group GET 1-35,text,true,,27779,132,1,1,http://localhost:8090/api/customer/,5,0,0
1606190345436,5,HTTP Request GET,200,,Thread Group GET 1-35,text,true,,27779,132,1,1,http://localhost:8090/api/customer/,5,0,0
1606190345441,6,HTTP Request GET,200,,Thread Group GET 1-35,text,true,,27779,132,1,1,http://localhost:8090/api/customer/,5,0,0
1606190345447,5,HTTP Request GET,200,,Thread Group GET 1-35,text,true,,27779,132,1,1,http://localhost:8090/api/customer/,5,0,0
1606190345462,7,HTTP Request GET,200,,Thread Group GET 1-36,text,true,,27779,132,1,1,http://localhost:8090/api/customer/,6,0,1
1606190345469,5,HTTP Request GET,200,,Thread Group GET 1-36,text,true,,27779,132,1,1,http://localhost:8090/api/customer/,5,0,0
1606190345475,5,HTTP Request GET,200,,Thread Group GET 1-36,text,true,,27779,132,1,1,http://localhost:8090/api/customer/,5,0,0
1606190345481,6,HTTP Request GET,200,,Thread Group GET 1-36,text,true,,27779,132,1,1,http://localhost:8090/api/customer/,6,0,0
1606190345487,6,HTTP Request GET,200,,Thread Group GET 1-36,text,true,,27779,132,1,1,http://localhost:8090/api/customer/,5,0,0
1606190345504,6,HTTP Request GET,200,,Thread Group GET 1-37,text,true,,27779,132,1,1,http://localhost:8090/api/customer/,6,0,1
1606190345510,6,HTTP Request GET,200,,Thread Group GET 1-37,text,true,,27779,132,1,1,http://localhost:8090/api/customer/,5,0,0
1606190345516,5,HTTP Request GET,200,,Thread Group GET 1-37,text,true,,27779,132,1,1,http://localhost:8090/api/customer/,5,0,0
1606190345521,5,HTTP Request GET,200,,Thread Group GET 1-37,text,true,,27779,132,1,1,http://localhost:8090/api/customer/,5,0,0
1606190345527,5,HTTP Request GET,200,,Thread Group GET 1-37,text,true,,27779,132,1,1,http://localhost:8090/api/customer/,5,0,0
1606190345544,6,HTTP Request GET,200,,Thread Group GET 1-38,text,true,,27779,132,1,1,http://localhost:8090/api/customer/,6,0,1
1606190345550,6,HTTP Request GET,200,,Thread Group GET 1-38,text,true,,27779,132,1,1,http://localhost:8090/api/customer/,6,0,0
1606190345556,6,HTTP Request GET,200,,Thread Group GET 1-38,text,true,,27779,132,1,1,http://localhost:8090/api/customer/,6,0,0
1606190345562,12,HTTP Request GET,200,,Thread Group GET 1-38,text,true,,27779,132,1,1,http://localhost:8090/api/customer/,11,0,0
1606190345574,5,HTTP Request GET,200,,Thread Group GET 1-38,text,true,,27779,132,1,1,http://localhost:8090/api/customer/,5,0,0
1606190345584,6,HTTP Request GET,200,,Thread Group GET 1-39,text,true,,27779,132,1,1,http://localhost:8090/api/customer/,6,0,0
1606190345590,6,HTTP Request GET,200,,Thread Group GET 1-39,text,true,,27779,132,1,1,http://localhost:8090/api/customer/,6,0,0
1606190345596,5,HTTP Request GET,200,,Thread Group GET 1-39,text,true,,27779,132,1,1,http://localhost:8090/api/customer/,5,0,0
1606190345602,6,HTTP Request GET,200,,Thread Group GET 1-39,text,true,,27779,132,1,1,http://localhost:8090/api/customer/,5,0,0
1606190345608,5,HTTP Request GET,200,,Thread Group GET 1-39,text,true,,27779,132,1,1,http://localhost:8090/api/customer/,5,0,0
1606190345624,7,HTTP Request GET,200,,Thread Group GET 1-40,text,true,,27779,132,1,1,http://localhost:8090/api/customer/,7,0,1
1606190345631,6,HTTP Request GET,200,,Thread Group GET 1-40,text,true,,27779,132,1,1,http://localhost:8090/api/customer/,6,0,0
1606190345637,6,HTTP Request GET,200,,Thread Group GET 1-40,text,true,,27779,132,1,1,http://localhost:8090/api/customer/,5,0,0
1606190345643,5,HTTP Request GET,200,,Thread Group GET 1-40,text,true,,27779,132,1,1,http://localhost:8090/api/customer/,5,0,0
1606190345648,6,HTTP Request GET,200,,Thread Group GET 1-40,text,true,,27779,132,1,1,http://localhost:8090/api/customer/,6,0,0
1606190345662,6,HTTP Request GET,200,,Thread Group GET 1-41,text,true,,27779,132,1,1,http://localhost:8090/api/customer/,6,0,1
1606190345669,5,HTTP Request GET,200,,Thread Group GET 1-41,text,true,,27779,132,1,1,http://localhost:8090/api/customer/,5,0,0
1606190345674,6,HTTP Request GET,200,,Thread Group GET 1-41,text,true,,27779,132,1,1,http://localhost:8090/api/customer/,5,0,0
1606190345680,6,HTTP Request GET,200,,Thread Group GET 1-41,text,true,,27779,132,1,1,http://localhost:8090/api/customer/,5,0,0
1606190345686,5,HTTP Request GET,200,,Thread Group GET 1-41,text,true,,27779,132,1,1,http://localhost:8090/api/customer/,5,0,0
1606190345702,6,HTTP Request GET,200,,Thread Group GET 1-42,text,true,,27779,132,1,1,http://localhost:8090/api/customer/,6,0,1
1606190345709,5,HTTP Request GET,200,,Thread Group GET 1-42,text,true,,27779,132,1,1,http://localhost:8090/api/customer/,5,0,0
1606190345714,5,HTTP Request GET,200,,Thread Group GET 1-42,text,true,,27779,132,1,1,http://localhost:8090/api/customer/,5,0,0
1606190345720,5,HTTP Request GET,200,,Thread Group GET 1-42,text,true,,27779,132,1,1,http://localhost:8090/api/customer/,4,0,0
1606190345725,5,HTTP Request GET,200,,Thread Group GET 1-42,text,true,,27779,132,1,1,http://localhost:8090/api/customer/,5,0,0
1606190345744,6,HTTP Request GET,200,,Thread Group GET 1-43,text,true,,27779,132,1,1,http://localhost:8090/api/customer/,6,0,1
1606190345750,6,HTTP Request GET,200,,Thread Group GET 1-43,text,true,,27779,132,1,1,http://localhost:8090/api/customer/,5,0,0
1606190345756,5,HTTP Request GET,200,,Thread Group GET 1-43,text,true,,27779,132,1,1,http://localhost:8090/api/customer/,5,0,0
1606190345762,5,HTTP Request GET,200,,Thread Group GET 1-43,text,true,,27779,132,1,1,http://localhost:8090/api/customer/,4,0,0
1606190345767,5,HTTP Request GET,200,,Thread Group GET 1-43,text,true,,27779,132,1,1,http://localhost:8090/api/customer/,5,0,0
1606190345783,6,HTTP Request GET,200,,Thread Group GET 1-44,text,true,,27779,132,1,1,http://localhost:8090/api/customer/,6,0,1
1606190345789,6,HTTP Request GET,200,,Thread Group GET 1-44,text,true,,27779,132,1,1,http://localhost:8090/api/customer/,5,0,0
1606190345795,5,HTTP Request GET,200,,Thread Group GET 1-44,text,true,,27779,132,1,1,http://localhost:8090/api/customer/,5,0,0
1606190345801,5,HTTP Request GET,200,,Thread Group GET 1-44,text,true,,27779,132,1,1,http://localhost:8090/api/customer/,5,0,0
1606190345807,5,HTTP Request GET,200,,Thread Group GET 1-44,text,true,,27779,132,1,1,http://localhost:8090/api/customer/,5,0,0
1606190345823,6,HTTP Request GET,200,,Thread Group GET 1-45,text,true,,27779,132,1,1,http://localhost:8090/api/customer/,6,0,1
1606190345829,6,HTTP Request GET,200,,Thread Group GET 1-45,text,true,,27779,132,1,1,http://localhost:8090/api/customer/,6,0,0
1606190345835,10,HTTP Request GET,200,,Thread Group GET 1-45,text,true,,27779,132,1,1,http://localhost:8090/api/customer/,10,0,0
1606190345845,6,HTTP Request GET,200,,Thread Group GET 1-45,text,true,,27779,132,1,1,http://localhost:8090/api/customer/,5,0,0
1606190345851,6,HTTP Request GET,200,,Thread Group GET 1-45,text,true,,27779,132,1,1,http://localhost:8090/api/customer/,5,0,0
1606190345864,6,HTTP Request GET,200,,Thread Group GET 1-46,text,true,,27779,132,1,1,http://localhost:8090/api/customer/,6,0,1
1606190345870,5,HTTP Request GET,200,,Thread Group GET 1-46,text,true,,27779,132,1,1,http://localhost:8090/api/customer/,5,0,0
1606190345876,5,HTTP Request GET,200,,Thread Group GET 1-46,text,true,,27779,132,1,1,http://localhost:8090/api/customer/,4,0,0
1606190345881,5,HTTP Request GET,200,,Thread Group GET 1-46,text,true,,27779,132,1,1,http://localhost:8090/api/customer/,5,0,0
1606190345887,6,HTTP Request GET,200,,Thread Group GET 1-46,text,true,,27779,132,1,1,http://localhost:8090/api/customer/,5,0,0
1606190345902,6,HTTP Request GET,200,,Thread Group GET 1-47,text,true,,27779,132,1,1,http://localhost:8090/api/customer/,6,0,1
1606190345908,6,HTTP Request GET,200,,Thread Group GET 1-47,text,true,,27779,132,1,1,http://localhost:8090/api/customer/,5,0,0
1606190345914,5,HTTP Request GET,200,,Thread Group GET 1-47,text,true,,27779,132,1,1,http://localhost:8090/api/customer/,5,0,0
1606190345919,6,HTTP Request GET,200,,Thread Group GET 1-47,text,true,,27779,132,1,1,http://localhost:8090/api/customer/,5,0,0
1606190345925,5,HTTP Request GET,200,,Thread Group GET 1-47,text,true,,27779,132,1,1,http://localhost:8090/api/customer/,5,0,0
1606190345944,6,HTTP Request GET,200,,Thread Group GET 1-48,text,true,,27779,132,1,1,http://localhost:8090/api/customer/,5,0,0
1606190345950,5,HTTP Request GET,200,,Thread Group GET 1-48,text,true,,27779,132,1,1,http://localhost:8090/api/customer/,5,0,0
1606190345955,5,HTTP Request GET,200,,Thread Group GET 1-48,text,true,,27779,132,1,1,http://localhost:8090/api/customer/,5,0,0
1606190345961,5,HTTP Request GET,200,,Thread Group GET 1-48,text,true,,27779,132,1,1,http://localhost:8090/api/customer/,4,0,0
1606190345966,5,HTTP Request GET,200,,Thread Group GET 1-48,text,true,,27779,132,1,1,http://localhost:8090/api/customer/,5,0,0
1606190345983,6,HTTP Request GET,200,,Thread Group GET 1-49,text,true,,27779,132,1,1,http://localhost:8090/api/customer/,6,0,1
1606190345989,5,HTTP Request GET,200,,Thread Group GET 1-49,text,true,,27779,132,1,1,http://localhost:8090/api/customer/,5,0,0
1606190345995,5,HTTP Request GET,200,,Thread Group GET 1-49,text,true,,27779,132,1,1,http://localhost:8090/api/customer/,4,0,0
1606190346000,5,HTTP Request GET,200,,Thread Group GET 1-49,text,true,,27779,132,1,1,http://localhost:8090/api/customer/,5,0,0
1606190346005,5,HTTP Request GET,200,,Thread Group GET 1-49,text,true,,27779,132,1,1,http://localhost:8090/api/customer/,5,0,0
1606190346024,6,HTTP Request GET,200,,Thread Group GET 1-50,text,true,,27779,132,1,1,http://localhost:8090/api/customer/,6,0,1
1606190346030,6,HTTP Request GET,200,,Thread Group GET 1-50,text,true,,27779,132,1,1,http://localhost:8090/api/customer/,5,0,0
1606190346036,5,HTTP Request GET,200,,Thread Group GET 1-50,text,true,,27779,132,1,1,http://localhost:8090/api/customer/,5,0,0
1606190346041,6,HTTP Request GET,200,,Thread Group GET 1-50,text,true,,27779,132,1,1,http://localhost:8090/api/customer/,5,0,0
1606190346047,5,HTTP Request GET,200,,Thread Group GET 1-50,text,true,,27779,132,1,1,http://localhost:8090/api/customer/,5,0,0
